{
  "mean_val_crps": 0.012318875640630722,
  "fold_val_crps": [
    0.012137304060161114,
    0.012141873128712177,
    0.012945258058607578,
    0.012127104215323925,
    0.013002763502299786,
    0.011831152252852917,
    0.012600971385836601,
    0.011764579452574253
  ],
  "n_splits": 8,
  "splitter": "GroupKFold",
  "group_key": "base PlayId (PlayId without _aug)",
  "n_groups": 31007,
  "n_aug_rows": 12149,
  "epochs": 50,
  "batch_size": 64,
  "timestamp": "2026-03-31T01:35:40.637283+00:00"
}