{
  "mean_val_crps": 0.012364041991531849,
  "fold_val_crps": [
    0.012677769176661968,
    0.012469245120882988,
    0.011448591016232967,
    0.012493855319917202,
    0.012916702777147293,
    0.01223356369882822,
    0.01241025235503912,
    0.012262354604899883
  ],
  "n_splits": 8,
  "random_state": 42,
  "epochs": 50,
  "batch_size": 64,
  "timestamp": "2026-02-10T07:53:47.716687+00:00"
}